[
    {
        "firstName": "John",
        "lastName": "Doe",
        "phoneNumber": "+1-555-1234",
        "postalInfo": {
            "street": "Main Street",
            "streetNumber": "42",
            "city": "New York",
            "postalCode": "10001"
        },
        "birthCertificateNumber": "123456789"
    },
    {
        "firstName": "Alice",
        "lastName": "Smith",
        "phoneNumber": "+44-20-7946-0958",
        "postalInfo": {
            "street": "Baker Street",
            "streetNumber": "221B",
            "city": "London",
            "postalCode": "NW1 6XE"
        },
        "birthCertificateNumber": "987654321"
    },
    {
        "firstName": "Marie",
        "lastName": "Curie",
        "phoneNumber": "+33-1-2345-6789",
        "postalInfo": {
            "street": "Rue de la Science",
            "streetNumber": "7",
            "city": "Paris",
            "postalCode": "75005"
        },
        "birthCertificateNumber": "111222333"
    },
    {
        "firstName": "Liam",
        "lastName": "Johnson",
        "phoneNumber": "+1-617-555-7890",
        "postalInfo": {
            "street": "Boylston St",
            "streetNumber": "500",
            "city": "Boston",
            "postalCode": "02116"
        },
        "birthCertificateNumber": "444555666"
    },
    {
        "firstName": "Emma",
        "lastName": "Williams",
        "phoneNumber": "+61-2-5551-4321",
        "postalInfo": {
            "street": "George St",
            "streetNumber": "80",
            "city": "Sydney",
            "postalCode": "2000"
        },
        "birthCertificateNumber": "777888999"
    },
    {
        "firstName": "Noah",
        "lastName": "Davis",
        "phoneNumber": "+81-3-5555-6789",
        "postalInfo": {
            "street": "Shibuya",
            "streetNumber": "15-7",
            "city": "Tokyo",
            "postalCode": "150-0002"
        },
        "birthCertificateNumber": "123123123"
    },
    {
        "firstName": "Olivia",
        "lastName": "Martinez",
        "phoneNumber": "+34-91-555-9876",
        "postalInfo": {
            "street": "Gran Via",
            "streetNumber": "23",
            "city": "Madrid",
            "postalCode": "28013"
        },
        "birthCertificateNumber": "456456456"
    },
    {
        "firstName": "James",
        "lastName": "Taylor",
        "phoneNumber": "+1-415-555-2468",
        "postalInfo": {
            "street": "Market St",
            "streetNumber": "870",
            "city": "San Francisco",
            "postalCode": "94103"
        },
        "birthCertificateNumber": "789789789"
    },
    {
        "firstName": "Sophia",
        "lastName": "Anderson",
        "phoneNumber": "+49-89-555-1357",
        "postalInfo": {
            "street": "Marienplatz",
            "streetNumber": "1",
            "city": "Munich",
            "postalCode": "80331"
        },
        "birthCertificateNumber": "321321321"
    },
    {
        "firstName": "Isabella",
        "lastName": "Lopez",
        "phoneNumber": "+39-06-5555-8642",
        "postalInfo": {
            "street": "Via del Corso",
            "streetNumber": "18",
            "city": "Rome",
            "postalCode": "00186"
        },
        "birthCertificateNumber": "987987987"
    },
    {
        "firstName": "Tom",
        "lastName": "Brown",
        "phoneNumber": "+49-30-1234567",
        "postalInfo": null,
        "birthCertificateNumber": "555666777"
    },
    {
        "firstName": "Mason",
        "lastName": "Hernandez",
        "phoneNumber": "+55-11-5555-2468",
        "postalInfo": null,
        "birthCertificateNumber": "654654654"
    }
]